Duplication	Prot-name	Plate_1536	Col_1536	Row_1536	numbloc
NA	control	2	1	1	NA
NA	control	2	1	2	NA
NA	control	2	1	3	NA
NA	control	2	1	4	NA
NA	control	2	1	5	NA
NA	control	2	1	6	NA
NA	control	2	1	7	NA
NA	control	2	1	8	NA
NA	control	2	1	9	NA
NA	control	2	1	10	NA
NA	control	2	1	11	NA
NA	control	2	1	12	NA
NA	control	2	1	13	NA
NA	control	2	1	14	NA
NA	control	2	1	15	NA
NA	control	2	1	16	NA
NA	control	2	1	17	NA
NA	control	2	1	18	NA
NA	control	2	1	19	NA
NA	control	2	1	20	NA
NA	control	2	1	21	NA
NA	control	2	1	22	NA
NA	control	2	1	23	NA
NA	control	2	1	24	NA
NA	control	2	1	25	NA
NA	control	2	1	26	NA
NA	control	2	1	27	NA
NA	control	2	1	28	NA
NA	control	2	1	29	NA
NA	control	2	1	30	NA
NA	control	2	1	31	NA
NA	control	2	1	32	NA
NA	control	2	2	1	NA
NA	control	2	2	2	NA
NA	control	2	2	3	NA
NA	control	2	2	4	NA
NA	control	2	2	5	NA
NA	control	2	2	6	NA
NA	control	2	2	7	NA
NA	control	2	2	8	NA
NA	control	2	2	9	NA
NA	control	2	2	10	NA
NA	control	2	2	11	NA
NA	control	2	2	12	NA
NA	control	2	2	13	NA
NA	control	2	2	14	NA
NA	control	2	2	15	NA
NA	control	2	2	16	NA
NA	control	2	2	17	NA
NA	control	2	2	18	NA
NA	control	2	2	19	NA
NA	control	2	2	20	NA
NA	control	2	2	21	NA
NA	control	2	2	22	NA
NA	control	2	2	23	NA
NA	control	2	2	24	NA
NA	control	2	2	25	NA
NA	control	2	2	26	NA
NA	control	2	2	27	NA
NA	control	2	2	28	NA
NA	control	2	2	29	NA
NA	control	2	2	30	NA
NA	control	2	2	31	NA
NA	control	2	2	32	NA
NA	control	2	3	1	NA
NA	control	2	3	2	NA
WGD	YMR183C	2	3	3	1
WGD	YMR183C	2	3	4	1
SSD	YGR002C	2	3	5	2
SSD	YGR002C	2	3	6	2
SSD	YDR314C	2	3	7	3
SSD	YDR314C	2	3	8	3
SSD	YBL103C	2	3	9	4
SSD	YBL103C	2	3	10	4
SSD	YKL124W	2	3	11	5
SSD	YKL124W	2	3	12	5
WGD	YER067W	2	3	13	6
WGD	YER067W	2	3	14	6
SSD	YKL171W	2	3	15	7
SSD	YKL171W	2	3	16	7
SSD	YBR276C	2	3	17	8
SSD	YBR276C	2	3	18	8
SSD	YGR240C	2	3	19	9
SSD	YGR240C	2	3	20	9
WGD	YHR146W	2	3	21	10
WGD	YHR146W	2	3	22	10
WGD	YGR004W	2	3	23	11
WGD	YGR004W	2	3	24	11
SSD	YPL138C	2	3	25	12
SSD	YPL138C	2	3	26	12
SSD	YER184C	2	3	27	13
SSD	YER184C	2	3	28	13
SSD	YMR054W	2	3	29	14
SSD	YMR054W	2	3	30	14
NA	control	2	3	31	NA
NA	control	2	3	32	NA
NA	control	2	4	1	NA
NA	control	2	4	2	NA
WGD	YPL232W	2	4	3	1
WGD	YPL232W	2	4	4	1
SSD	YFR034C	2	4	5	2
SSD	YFR034C	2	4	6	2
SSD	YER162C	2	4	7	3
SSD	YER162C	2	4	8	3
SSD	YJR060W	2	4	9	4
SSD	YJR060W	2	4	10	4
SSD	YMR171C	2	4	11	5
SSD	YMR171C	2	4	12	5
WGD	YIL057C	2	4	13	6
WGD	YIL057C	2	4	14	6
SSD	YCL024W	2	4	15	7
SSD	YCL024W	2	4	16	7
SSD	YNL128W	2	4	17	8
SSD	YNL128W	2	4	18	8
SSD	YMR205C	2	4	19	9
SSD	YMR205C	2	4	20	9
WGD	YNL173C	2	4	21	10
WGD	YNL173C	2	4	22	10
WGD	YLR324W	2	4	23	11
WGD	YLR324W	2	4	24	11
SSD	YKR029C	2	4	25	12
SSD	YKR029C	2	4	26	12
SSD	YBL005W	2	4	27	13
SSD	YBL005W	2	4	28	13
SSD	YOR270C	2	4	29	14
SSD	YOR270C	2	4	30	14
NA	control	2	4	31	NA
NA	control	2	4	32	NA
NA	control	2	5	1	NA
NA	control	2	5	2	NA
SSD	YHR198C	2	5	3	15
SSD	YHR198C	2	5	4	15
SSD	YDR399W	2	5	5	16
SSD	YDR399W	2	5	6	16
SSD	YJL146W	2	5	7	17
SSD	YJL146W	2	5	8	17
SSD	YJL197W	2	5	9	18
SSD	YJL197W	2	5	10	18
SSD	YCR004C	2	5	11	19
SSD	YCR004C	2	5	12	19
SSD	YBR011C	2	5	13	20
SSD	YBR011C	2	5	14	20
SSD	YDR382W	2	5	15	21
SSD	YDR382W	2	5	16	21
WGD	YDR358W	2	5	17	22
WGD	YDR358W	2	5	18	22
SSD	YNL231C	2	5	19	23
SSD	YNL231C	2	5	20	23
SSD	YMR054W	2	5	21	24
SSD	YMR054W	2	5	22	24
SSD	YPR013C	2	5	23	25
SSD	YPR013C	2	5	24	25
SSD	YGR240C	2	5	25	26
SSD	YGR240C	2	5	26	26
SSD	YOR241W	2	5	27	27
SSD	YOR241W	2	5	28	27
SSD	YPL203W	2	5	29	28
SSD	YPL203W	2	5	30	28
NA	control	2	5	31	NA
NA	control	2	5	32	NA
NA	control	2	6	1	NA
NA	control	2	6	2	NA
SSD	YHR199C	2	6	3	15
SSD	YHR199C	2	6	4	15
SSD	YJR133W	2	6	5	16
SSD	YJR133W	2	6	6	16
SSD	YBL085W	2	6	7	17
SSD	YBL085W	2	6	8	17
SSD	YER144C	2	6	9	18
SSD	YER144C	2	6	10	18
SSD	YDR032C	2	6	11	19
SSD	YDR032C	2	6	12	19
SSD	YMR267W	2	6	13	20
SSD	YMR267W	2	6	14	20
SSD	YOL039W	2	6	15	21
SSD	YOL039W	2	6	16	21
WGD	YHR108W	2	6	17	22
WGD	YHR108W	2	6	18	22
SSD	YNL264C	2	6	19	23
SSD	YNL264C	2	6	20	23
SSD	YOR270C	2	6	21	24
SSD	YOR270C	2	6	22	24
SSD	YPR015C	2	6	23	25
SSD	YPR015C	2	6	24	25
SSD	YMR205C	2	6	25	26
SSD	YMR205C	2	6	26	26
SSD	YMR113W	2	6	27	27
SSD	YMR113W	2	6	28	27
SSD	YKL166C	2	6	29	28
SSD	YKL166C	2	6	30	28
NA	control	2	6	31	NA
NA	control	2	6	32	NA
NA	control	2	7	1	NA
NA	control	2	7	2	NA
SSD	YBR244W	2	7	3	29
SSD	YBR244W	2	7	4	29
WGD	YDR151C	2	7	5	30
WGD	YDR151C	2	7	6	30
SSD	YPR189W	2	7	7	31
SSD	YPR189W	2	7	8	31
SSD	YDL104C	2	7	9	32
SSD	YDL104C	2	7	10	32
WGD	YHR030C	2	7	11	33
WGD	YHR030C	2	7	12	33
SSD	YDR074W	2	7	13	34
SSD	YDR074W	2	7	14	34
SSD	YBR059C	2	7	15	35
SSD	YBR059C	2	7	16	35
SSD	YJL190C	2	7	17	36
SSD	YJL190C	2	7	18	36
SSD	YLR455W	2	7	19	37
SSD	YLR455W	2	7	20	37
SSD	YNR013C	2	7	21	38
SSD	YNR013C	2	7	22	38
SSD	YDL171C	2	7	23	39
SSD	YDL171C	2	7	24	39
SSD	YHR040W	2	7	25	40
SSD	YHR040W	2	7	26	40
SSD	YHR043C	2	7	27	41
SSD	YHR043C	2	7	28	41
SSD	YDR109C	2	7	29	42
SSD	YDR109C	2	7	30	42
NA	control	2	7	31	NA
NA	control	2	7	32	NA
NA	control	2	8	1	NA
NA	control	2	8	2	NA
SSD	YIR037W	2	8	3	29
SSD	YIR037W	2	8	4	29
WGD	YLR136C	2	8	5	30
WGD	YLR136C	2	8	6	30
SSD	YHR117W	2	8	7	31
SSD	YHR117W	2	8	8	31
SSD	YKR038C	2	8	9	32
SSD	YKR038C	2	8	10	32
WGD	YKL161C	2	8	11	33
WGD	YKL161C	2	8	12	33
SSD	YMR261C	2	8	13	34
SSD	YMR261C	2	8	14	34
SSD	YIL095W	2	8	15	35
SSD	YIL095W	2	8	16	35
SSD	YLR367W	2	8	17	36
SSD	YLR367W	2	8	18	36
SSD	YMR044W	2	8	19	37
SSD	YMR044W	2	8	20	37
SSD	YCR037C	2	8	21	38
SSD	YCR037C	2	8	22	38
SSD	YDR376W	2	8	23	39
SSD	YDR376W	2	8	24	39
SSD	YJR055W	2	8	25	40
SSD	YJR055W	2	8	26	40
SSD	YHR044C	2	8	27	41
SSD	YHR044C	2	8	28	41
SSD	YNL249C	2	8	29	42
SSD	YNL249C	2	8	30	42
NA	control	2	8	31	NA
NA	control	2	8	32	NA
NA	control	2	9	1	NA
NA	control	2	9	2	NA
SSD	YPR013C	2	9	3	43
SSD	YPR013C	2	9	4	43
SSD	YDL113C	2	9	5	44
SSD	YDL113C	2	9	6	44
WGD	YJL076W	2	9	7	45
WGD	YJL076W	2	9	8	45
SSD	YBL103C	2	9	9	46
SSD	YBL103C	2	9	10	46
SSD	YFL054C	2	9	11	47
SSD	YFL054C	2	9	12	47
SSD	YPL203W	2	9	13	48
SSD	YPL203W	2	9	14	48
SSD	YEL025C	2	9	15	49
SSD	YEL025C	2	9	16	49
SSD	YBL058W	2	9	17	50
SSD	YBL058W	2	9	18	50
SSD	YGL143C	2	9	19	51
SSD	YGL143C	2	9	20	51
SSD	YER092W	2	9	21	52
SSD	YER092W	2	9	22	52
SSD	YJL102W	2	9	23	53
SSD	YJL102W	2	9	24	53
SSD	YDR432W	2	9	25	54
SSD	YDR432W	2	9	26	54
SSD	YJL190C	2	9	27	55
SSD	YJL190C	2	9	28	55
SSD	YGR052W	2	9	29	56
SSD	YGR052W	2	9	30	56
NA	control	2	9	31	NA
NA	control	2	9	32	NA
NA	control	2	10	1	NA
NA	control	2	10	2	NA
SSD	YPR015C	2	10	3	43
SSD	YPR015C	2	10	4	43
SSD	YDR425W	2	10	5	44
SSD	YDR425W	2	10	6	44
WGD	YKR010C	2	10	7	45
WGD	YKR010C	2	10	8	45
SSD	YJR060W	2	10	9	46
SSD	YJR060W	2	10	10	46
SSD	YLL043W	2	10	11	47
SSD	YLL043W	2	10	12	47
SSD	YKL166C	2	10	13	48
SSD	YKL166C	2	10	14	48
SSD	YBL067C	2	10	15	49
SSD	YBL067C	2	10	16	49
SSD	YDR330W	2	10	17	50
SSD	YDR330W	2	10	18	50
SSD	YLR281C	2	10	19	51
SSD	YLR281C	2	10	20	51
SSD	YGR198W	2	10	21	52
SSD	YGR198W	2	10	22	52
SSD	YLR069C	2	10	23	53
SSD	YLR069C	2	10	24	53
SSD	YCL011C	2	10	25	54
SSD	YCL011C	2	10	26	54
SSD	YLR367W	2	10	27	55
SSD	YLR367W	2	10	28	55
SSD	YOL100W	2	10	29	56
SSD	YOL100W	2	10	30	56
NA	control	2	10	31	NA
NA	control	2	10	32	NA
NA	control	2	11	1	NA
NA	control	2	11	2	NA
SSD	YIL088C	2	11	3	57
SSD	YIL088C	2	11	4	57
SSD	YPR054W	2	11	5	58
SSD	YPR054W	2	11	6	58
SSD	YDL002C	2	11	7	59
SSD	YDL002C	2	11	8	59
SSD	YGR110W	2	11	9	60
SSD	YGR110W	2	11	10	60
SSD	YDR244W	2	11	11	61
SSD	YDR244W	2	11	12	61
WGD	YAL017W	2	11	13	62
WGD	YAL017W	2	11	14	62
SSD	YOR070C	2	11	15	63
SSD	YOR070C	2	11	16	63
WGD	YHR146W	2	11	17	64
WGD	YHR146W	2	11	18	64
SSD	YJL194W	2	11	19	65
SSD	YJL194W	2	11	20	65
SSD	YER041W	2	11	21	66
SSD	YER041W	2	11	22	66
SSD	YDR523C	2	11	23	67
SSD	YDR523C	2	11	24	67
SSD	YBR283C	2	11	25	68
SSD	YBR283C	2	11	26	68
SSD	YMR042W	2	11	27	69
SSD	YMR042W	2	11	28	69
SSD	YBR098W	2	11	29	70
SSD	YBR098W	2	11	30	70
NA	control	2	11	31	NA
NA	control	2	11	32	NA
NA	control	2	12	1	NA
NA	control	2	12	2	NA
SSD	YBL089W	2	12	3	57
SSD	YBL089W	2	12	4	57
SSD	YHR030C	2	12	5	58
SSD	YHR030C	2	12	6	58
SSD	YMR072W	2	12	7	59
SSD	YMR072W	2	12	8	59
SSD	YLR099C	2	12	9	60
SSD	YLR099C	2	12	10	60
SSD	YMR018W	2	12	11	61
SSD	YMR018W	2	12	12	61
WGD	YOL045W	2	12	13	62
WGD	YOL045W	2	12	14	62
SSD	YPL249C	2	12	15	63
SSD	YPL249C	2	12	16	63
WGD	YNL173C	2	12	17	64
WGD	YNL173C	2	12	18	64
SSD	YML065W	2	12	19	65
SSD	YML065W	2	12	20	65
SSD	YOR033C	2	12	21	66
SSD	YOR033C	2	12	22	66
SSD	YHR102W	2	12	23	67
SSD	YHR102W	2	12	24	67
SSD	YLR378C	2	12	25	68
SSD	YLR378C	2	12	26	68
SSD	YMR043W	2	12	27	69
SSD	YMR043W	2	12	28	69
SSD	YIL036W	2	12	29	70
SSD	YIL036W	2	12	30	70
NA	control	2	12	31	NA
NA	control	2	12	32	NA
NA	control	2	13	1	NA
NA	control	2	13	2	NA
SSD	YCR036W	2	13	3	71
SSD	YCR036W	2	13	4	71
WGD	YBR082C	2	13	5	72
WGD	YBR082C	2	13	6	72
SSD	YLR425W	2	13	7	73
SSD	YLR425W	2	13	8	73
SSD	YDL164C	2	13	9	74
SSD	YDL164C	2	13	10	74
WGD	YDL239C	2	13	11	75
WGD	YDL239C	2	13	12	75
SSD	YMR306W	2	13	13	76
SSD	YMR306W	2	13	14	76
WGD	YJL099W	2	13	15	77
WGD	YJL099W	2	13	16	77
SSD	YKR017C	2	13	17	78
SSD	YKR017C	2	13	18	78
SSD	YDR373W	2	13	19	79
SSD	YDR373W	2	13	20	79
SSD	YBR281C	2	13	21	80
SSD	YBR281C	2	13	22	80
WGD	YMR230W	2	13	23	81
WGD	YMR230W	2	13	24	81
SSD	YEL025C	2	13	25	82
SSD	YEL025C	2	13	26	82
SSD	YDR109C	2	13	27	83
SSD	YDR109C	2	13	28	83
SSD	YBR073W	2	13	29	84
SSD	YBR073W	2	13	30	84
NA	control	2	13	31	NA
NA	control	2	13	32	NA
NA	control	2	14	1	NA
NA	control	2	14	2	NA
SSD	YJR105W	2	14	3	71
SSD	YJR105W	2	14	4	71
WGD	YDR059C	2	14	5	72
WGD	YDR059C	2	14	6	72
SSD	YLR371W	2	14	7	73
SSD	YLR371W	2	14	8	73
SSD	YOR005C	2	14	9	74
SSD	YOR005C	2	14	10	74
WGD	YNL225C	2	14	11	75
WGD	YNL225C	2	14	12	75
SSD	YGR032W	2	14	13	76
SSD	YGR032W	2	14	14	76
WGD	YKR027W	2	14	15	77
WGD	YKR027W	2	14	16	77
SSD	YML068W	2	14	17	78
SSD	YML068W	2	14	18	78
SSD	YKL190W	2	14	19	79
SSD	YKL190W	2	14	20	79
SSD	YFR044C	2	14	21	80
SSD	YFR044C	2	14	22	80
WGD	YOR293W	2	14	23	81
WGD	YOR293W	2	14	24	81
SSD	YBL067C	2	14	25	82
SSD	YBL067C	2	14	26	82
SSD	YNL249C	2	14	27	83
SSD	YNL249C	2	14	28	83
SSD	YGL163C	2	14	29	84
SSD	YGL163C	2	14	30	84
NA	control	2	14	31	NA
NA	control	2	14	32	NA
NA	control	2	15	1	NA
NA	control	2	15	2	NA
WGD	YGR138C	2	15	3	85
WGD	YGR138C	2	15	4	85
SSD	YER040W	2	15	5	86
SSD	YER040W	2	15	6	86
SSD	YKL140W	2	15	7	87
SSD	YKL140W	2	15	8	87
SSD	YAR064W	2	15	9	88
SSD	YAR064W	2	15	10	88
SSD	YNL142W	2	15	11	89
SSD	YNL142W	2	15	12	89
SSD	YGR203W	2	15	13	90
SSD	YGR203W	2	15	14	90
SSD	YNL142W	2	15	15	91
SSD	YNL142W	2	15	16	91
WGD	YDR151C	2	15	17	92
WGD	YDR151C	2	15	18	92
SSD	YBR059C	2	15	19	93
SSD	YBR059C	2	15	20	93
WGD	YKR072C	2	15	21	94
WGD	YKR072C	2	15	22	94
SSD	YOR285W	2	15	23	95
SSD	YOR285W	2	15	24	95
SSD	YDR373W	2	15	25	96
SSD	YDR373W	2	15	26	96
WGD	YLL010C	2	15	27	97
WGD	YLL010C	2	15	28	97
SSD	YKL188C	2	15	29	98
SSD	YKL188C	2	15	30	98
NA	control	2	15	31	NA
NA	control	2	15	32	NA
NA	control	2	16	1	NA
NA	control	2	16	2	NA
WGD	YPR156C	2	16	3	85
WGD	YPR156C	2	16	4	85
SSD	YFL021W	2	16	5	86
SSD	YFL021W	2	16	6	86
SSD	YLR020C	2	16	7	87
SSD	YLR020C	2	16	8	87
SSD	YHR213W-B	2	16	9	88
SSD	YHR213W-B	2	16	10	88
SSD	YGR121C	2	16	11	89
SSD	YGR121C	2	16	12	89
SSD	YPR200C	2	16	13	90
SSD	YPR200C	2	16	14	90
SSD	YGR121C	2	16	15	91
SSD	YGR121C	2	16	16	91
WGD	YLR136C	2	16	17	92
WGD	YLR136C	2	16	18	92
SSD	YIL095W	2	16	19	93
SSD	YIL095W	2	16	20	93
WGD	YOR054C	2	16	21	94
WGD	YOR054C	2	16	22	94
SSD	YOR286W	2	16	23	95
SSD	YOR286W	2	16	24	95
SSD	YKL190W	2	16	25	96
SSD	YKL190W	2	16	26	96
WGD	YLR019W	2	16	27	97
WGD	YLR019W	2	16	28	97
SSD	YPL147W	2	16	29	98
SSD	YPL147W	2	16	30	98
NA	control	2	16	31	NA
NA	control	2	16	32	NA
NA	control	2	17	1	NA
NA	control	2	17	2	NA
SSD	YMR042W	2	17	3	99
SSD	YMR042W	2	17	4	99
WGD	YEL041W	2	17	5	100
WGD	YEL041W	2	17	6	100
SSD	YGL080W	2	17	7	101
SSD	YGL080W	2	17	8	101
SSD	YLR361C	2	17	9	102
SSD	YLR361C	2	17	10	102
SSD	YBR236C	2	17	11	103
SSD	YBR236C	2	17	12	103
SSD	YGR015C	2	17	13	104
SSD	YGR015C	2	17	14	104
SSD	YDR399W	2	17	15	105
SSD	YDR399W	2	17	16	105
WGD	YBR082C	2	17	17	106
WGD	YBR082C	2	17	18	106
SSD	YKL046C	2	17	19	107
SSD	YKL046C	2	17	20	107
SSD	YDL002C	2	17	21	108
SSD	YDL002C	2	17	22	108
SSD	YDR191W	2	17	23	109
SSD	YDR191W	2	17	24	109
SSD	YGR165W	2	17	25	110
SSD	YGR165W	2	17	26	110
SSD	YHR028C	2	17	27	111
SSD	YHR028C	2	17	28	111
SSD	YPR189W	2	17	29	112
SSD	YPR189W	2	17	30	112
NA	control	2	17	31	NA
NA	control	2	17	32	NA
NA	control	2	18	1	NA
NA	control	2	18	2	NA
SSD	YMR043W	2	18	3	99
SSD	YMR043W	2	18	4	99
WGD	YJR049C	2	18	5	100
WGD	YJR049C	2	18	6	100
SSD	YHR162W	2	18	7	101
SSD	YHR162W	2	18	8	101
SSD	YOR137C	2	18	9	102
SSD	YOR137C	2	18	10	102
SSD	YML008C	2	18	11	103
SSD	YML008C	2	18	12	103
SSD	YGR031W	2	18	13	104
SSD	YGR031W	2	18	14	104
SSD	YJR133W	2	18	15	105
SSD	YJR133W	2	18	16	105
WGD	YDR059C	2	18	17	106
WGD	YDR059C	2	18	18	106
SSD	YMR238W	2	18	19	107
SSD	YMR238W	2	18	20	107
SSD	YMR072W	2	18	21	108
SSD	YMR072W	2	18	22	108
SSD	YOR025W	2	18	23	109
SSD	YOR025W	2	18	24	109
SSD	YJR083C	2	18	25	110
SSD	YJR083C	2	18	26	110
SSD	YOR219C	2	18	27	111
SSD	YOR219C	2	18	28	111
SSD	YHR117W	2	18	29	112
SSD	YHR117W	2	18	30	112
NA	control	2	18	31	NA
NA	control	2	18	32	NA
NA	control	2	19	1	NA
NA	control	2	19	2	NA
SSD	YAL040C	2	19	3	113
SSD	YAL040C	2	19	4	113
SSD	YBR165W	2	19	5	114
SSD	YBR165W	2	19	6	114
SSD	YIL088C	2	19	7	115
SSD	YIL088C	2	19	8	115
SSD	YLR284C	2	19	9	116
SSD	YLR284C	2	19	10	116
SSD	YHR119W	2	19	11	117
SSD	YHR119W	2	19	12	117
SSD	YGL079W	2	19	13	118
SSD	YGL079W	2	19	14	118
WGD	YDL181W	2	19	15	119
WGD	YDL181W	2	19	16	119
SSD	YER113C	2	19	17	120
SSD	YER113C	2	19	18	120
WGD	YJL164C	2	19	19	121
WGD	YJL164C	2	19	20	121
SSD	YLR284C	2	19	21	122
SSD	YLR284C	2	19	22	122
SSD	YDL170W	2	19	23	123
SSD	YDL170W	2	19	24	123
SSD	YJL057C	2	19	25	124
SSD	YJL057C	2	19	26	124
SSD	YER038C	2	19	27	125
SSD	YER038C	2	19	28	125
SSD	YBR236C	2	19	29	126
SSD	YBR236C	2	19	30	126
NA	control	2	19	31	NA
NA	control	2	19	32	NA
NA	control	2	20	1	NA
NA	control	2	20	2	NA
SSD	YMR199W	2	20	3	113
SSD	YMR199W	2	20	4	113
SSD	YDL167C	2	20	5	114
SSD	YDL167C	2	20	6	114
SSD	YBL089W	2	20	7	115
SSD	YBL089W	2	20	8	115
SSD	YOR180C	2	20	9	116
SSD	YOR180C	2	20	10	116
SSD	YJL168C	2	20	11	117
SSD	YJL168C	2	20	12	117
SSD	YLR233C	2	20	13	118
SSD	YLR233C	2	20	14	118
WGD	YDL130W-A	2	20	15	119
WGD	YDL130W-A	2	20	16	119
SSD	YLR083C	2	20	17	120
SSD	YLR083C	2	20	18	120
WGD	YKL166C	2	20	19	121
WGD	YKL166C	2	20	20	121
SSD	YOR180C	2	20	21	122
SSD	YOR180C	2	20	22	122
SSD	YDR213W	2	20	23	123
SSD	YDR213W	2	20	24	123
SSD	YOL016C	2	20	25	124
SSD	YOL016C	2	20	26	124
SSD	YGL066W	2	20	27	125
SSD	YGL066W	2	20	28	125
SSD	YML008C	2	20	29	126
SSD	YML008C	2	20	30	126
NA	control	2	20	31	NA
NA	control	2	20	32	NA
NA	control	2	21	1	NA
NA	control	2	21	2	NA
SSD	YHR194W	2	21	3	127
SSD	YHR194W	2	21	4	127
SSD	YDR258C	2	21	5	128
SSD	YDR258C	2	21	6	128
WGD	YMR183C	2	21	7	129
WGD	YMR183C	2	21	8	129
WGD	YJL164C	2	21	9	130
WGD	YJL164C	2	21	10	130
WGD	YIL158W	2	21	11	131
WGD	YIL158W	2	21	12	131
SSD	YAR033W	2	21	13	132
SSD	YAR033W	2	21	14	132
SSD	YOR241W	2	21	15	133
SSD	YOR241W	2	21	16	133
SSD	YJL037W	2	21	17	134
SSD	YJL037W	2	21	18	134
WGD	YGR043C	2	21	19	135
WGD	YGR043C	2	21	20	135
SSD	YGR163W	2	21	21	136
SSD	YGR163W	2	21	22	136
SSD	YER020W	2	21	23	137
SSD	YER020W	2	21	24	137
SSD	YBR281C	2	21	25	138
SSD	YBR281C	2	21	26	138
SSD	YCR004C	2	21	27	139
SSD	YCR004C	2	21	28	139
SSD	YDR314C	2	21	29	140
SSD	YDR314C	2	21	30	140
NA	control	2	21	31	NA
NA	control	2	21	32	NA
NA	control	2	22	1	NA
NA	control	2	22	2	NA
SSD	YOR147W	2	22	3	127
SSD	YOR147W	2	22	4	127
SSD	YLL026W	2	22	5	128
SSD	YLL026W	2	22	6	128
WGD	YPL232W	2	22	7	129
WGD	YPL232W	2	22	8	129
WGD	YKL166C	2	22	9	130
WGD	YKL166C	2	22	10	130
WGD	YKR100C	2	22	11	131
WGD	YKR100C	2	22	12	131
SSD	YGL051W	2	22	13	132
SSD	YGL051W	2	22	14	132
SSD	YMR113W	2	22	15	133
SSD	YMR113W	2	22	16	133
SSD	YJL038C	2	22	17	134
SSD	YJL038C	2	22	18	134
WGD	YLR354C	2	22	19	135
WGD	YLR354C	2	22	20	135
SSD	YML121W	2	22	21	136
SSD	YML121W	2	22	22	136
SSD	YHR005C	2	22	23	137
SSD	YHR005C	2	22	24	137
SSD	YFR044C	2	22	25	138
SSD	YFR044C	2	22	26	138
SSD	YDR032C	2	22	27	139
SSD	YDR032C	2	22	28	139
SSD	YER162C	2	22	29	140
SSD	YER162C	2	22	30	140
NA	control	2	22	31	NA
NA	control	2	22	32	NA
NA	control	2	23	1	NA
NA	control	2	23	2	NA
SSD	YBR165W	2	23	3	141
SSD	YBR165W	2	23	4	141
SSD	YOR285W	2	23	5	142
SSD	YOR285W	2	23	6	142
SSD	YJL057C	2	23	7	143
SSD	YJL057C	2	23	8	143
SSD	YOR032C	2	23	9	144
SSD	YOR032C	2	23	10	144
SSD	YBR244W	2	23	11	145
SSD	YBR244W	2	23	12	145
WGD	YAL017W	2	23	13	146
WGD	YAL017W	2	23	14	146
SSD	YGL143C	2	23	15	147
SSD	YGL143C	2	23	16	147
SSD	YJL102W	2	23	17	148
SSD	YJL102W	2	23	18	148
SSD	YDR214W	2	23	19	149
SSD	YDR214W	2	23	20	149
SSD	YHR198C	2	23	21	150
SSD	YHR198C	2	23	22	150
SSD	YPR054W	2	23	23	151
SSD	YPR054W	2	23	24	151
SSD	YCL073C	2	23	25	152
SSD	YCL073C	2	23	26	152
SSD	YGR203W	2	23	27	153
SSD	YGR203W	2	23	28	153
SSD	YAR064W	2	23	29	154
SSD	YAR064W	2	23	30	154
NA	control	2	23	31	NA
NA	control	2	23	32	NA
NA	control	2	24	1	NA
NA	control	2	24	2	NA
SSD	YDL167C	2	24	3	141
SSD	YDL167C	2	24	4	141
SSD	YOR286W	2	24	5	142
SSD	YOR286W	2	24	6	142
SSD	YOL016C	2	24	7	143
SSD	YOL016C	2	24	8	143
SSD	YOR344C	2	24	9	144
SSD	YOR344C	2	24	10	144
SSD	YIR037W	2	24	11	145
SSD	YIR037W	2	24	12	145
WGD	YOL045W	2	24	13	146
WGD	YOL045W	2	24	14	146
SSD	YLR281C	2	24	15	147
SSD	YLR281C	2	24	16	147
SSD	YLR069C	2	24	17	148
SSD	YLR069C	2	24	18	148
SSD	YNL281W	2	24	19	149
SSD	YNL281W	2	24	20	149
SSD	YHR199C	2	24	21	150
SSD	YHR199C	2	24	22	150
SSD	YHR030C	2	24	23	151
SSD	YHR030C	2	24	24	151
SSD	YKR106W	2	24	25	152
SSD	YKR106W	2	24	26	152
SSD	YPR200C	2	24	27	153
SSD	YPR200C	2	24	28	153
SSD	YHR213W-B	2	24	29	154
SSD	YHR213W-B	2	24	30	154
NA	control	2	24	31	NA
NA	control	2	24	32	NA
NA	control	2	25	1	NA
NA	control	2	25	2	NA
SSD	YGR036C	2	25	3	155
SSD	YGR036C	2	25	4	155
SSD	YGR110W	2	25	5	156
SSD	YGR110W	2	25	6	156
SSD	YKL012W	2	25	7	157
SSD	YKL012W	2	25	8	157
SSD	YAL040C	2	25	9	158
SSD	YAL040C	2	25	10	158
SSD	YOR032C	2	25	11	159
SSD	YOR032C	2	25	12	159
SSD	YGR165W	2	25	13	160
SSD	YGR165W	2	25	14	160
SSD	YKL046C	2	25	15	161
SSD	YKL046C	2	25	16	161
SSD	YKL012W	2	25	17	162
SSD	YKL012W	2	25	18	162
SSD	YDL125C	2	25	19	163
SSD	YDL125C	2	25	20	163
WGD	YMR192W	2	25	21	164
WGD	YMR192W	2	25	22	164
SSD	YLR307W	2	25	23	165
SSD	YLR307W	2	25	24	165
WGD	YER067W	2	25	25	166
WGD	YER067W	2	25	26	166
SSD	YPR022C	2	25	27	167
SSD	YPR022C	2	25	28	167
WGD	YLL010C	2	25	29	168
WGD	YLL010C	2	25	30	168
NA	control	2	25	31	NA
NA	control	2	25	32	NA
NA	control	2	26	1	NA
NA	control	2	26	2	NA
SSD	YKR053C	2	26	3	155
SSD	YKR053C	2	26	4	155
SSD	YLR099C	2	26	5	156
SSD	YLR099C	2	26	6	156
SSD	YPR152C	2	26	7	157
SSD	YPR152C	2	26	8	157
SSD	YMR199W	2	26	9	158
SSD	YMR199W	2	26	10	158
SSD	YOR344C	2	26	11	159
SSD	YOR344C	2	26	12	159
SSD	YJR083C	2	26	13	160
SSD	YJR083C	2	26	14	160
SSD	YMR238W	2	26	15	161
SSD	YMR238W	2	26	16	161
SSD	YPR152C	2	26	17	162
SSD	YPR152C	2	26	18	162
SSD	YDR305C	2	26	19	163
SSD	YDR305C	2	26	20	163
WGD	YPL249C	2	26	21	164
WGD	YPL249C	2	26	22	164
SSD	YLR308W	2	26	23	165
SSD	YLR308W	2	26	24	165
WGD	YIL057C	2	26	25	166
WGD	YIL057C	2	26	26	166
SSD	YMR182C	2	26	27	167
SSD	YMR182C	2	26	28	167
WGD	YLR019W	2	26	29	168
WGD	YLR019W	2	26	30	168
NA	control	2	26	31	NA
NA	control	2	26	32	NA
NA	control	2	27	1	NA
NA	control	2	27	2	NA
SSD	YKL188C	2	27	3	169
SSD	YKL188C	2	27	4	169
SSD	YGR002C	2	27	5	170
SSD	YGR002C	2	27	6	170
WGD	YML100W	2	27	7	171
WGD	YML100W	2	27	8	171
WGD	YIL158W	2	27	9	172
WGD	YIL158W	2	27	10	172
SSD	YHR194W	2	27	11	173
SSD	YHR194W	2	27	12	173
WGD	YKR072C	2	27	13	174
WGD	YKR072C	2	27	14	174
WGD	YLR450W	2	27	15	175
WGD	YLR450W	2	27	16	175
SSD	YER041W	2	27	17	176
SSD	YER041W	2	27	18	176
SSD	YIL137C	2	27	19	177
SSD	YIL137C	2	27	20	177
SSD	YBR098W	2	27	21	178
SSD	YBR098W	2	27	22	178
SSD	YJL194W	2	27	23	179
SSD	YJL194W	2	27	24	179
WGD	YHR030C	2	27	25	180
WGD	YHR030C	2	27	26	180
SSD	YBR069C	2	27	27	181
SSD	YBR069C	2	27	28	181
SSD	YER092W	2	27	29	182
SSD	YER092W	2	27	30	182
NA	control	2	27	31	NA
NA	control	2	27	32	NA
NA	control	2	28	1	NA
NA	control	2	28	2	NA
SSD	YPL147W	2	28	3	169
SSD	YPL147W	2	28	4	169
SSD	YFR034C	2	28	5	170
SSD	YFR034C	2	28	6	170
WGD	YMR261C	2	28	7	171
WGD	YMR261C	2	28	8	171
WGD	YKR100C	2	28	9	172
WGD	YKR100C	2	28	10	172
SSD	YOR147W	2	28	11	173
SSD	YOR147W	2	28	12	173
WGD	YOR054C	2	28	13	174
WGD	YOR054C	2	28	14	174
WGD	YML075C	2	28	15	175
WGD	YML075C	2	28	16	175
SSD	YOR033C	2	28	17	176
SSD	YOR033C	2	28	18	176
SSD	YHR047C	2	28	19	177
SSD	YHR047C	2	28	20	177
SSD	YIL036W	2	28	21	178
SSD	YIL036W	2	28	22	178
SSD	YML065W	2	28	23	179
SSD	YML065W	2	28	24	179
WGD	YKL161C	2	28	25	180
WGD	YKL161C	2	28	26	180
SSD	YCL025C	2	28	27	181
SSD	YCL025C	2	28	28	181
SSD	YGR198W	2	28	29	182
SSD	YGR198W	2	28	30	182
NA	control	2	28	31	NA
NA	control	2	28	32	NA
NA	control	2	29	1	NA
NA	control	2	29	2	NA
WGD	YAL053W	2	29	3	183
WGD	YAL053W	2	29	4	183
WGD	YJL133W	2	29	5	184
WGD	YJL133W	2	29	6	184
WGD	YGR243W	2	29	7	185
WGD	YGR243W	2	29	8	185
SSD	YNR013C	2	29	9	186
SSD	YNR013C	2	29	10	186
WGD	YDR358W	2	29	11	187
WGD	YDR358W	2	29	12	187
SSD	YHR040W	2	29	13	188
SSD	YHR040W	2	29	14	188
SSD	YDR214W	2	29	15	189
SSD	YDR214W	2	29	16	189
SSD	YBR073W	2	29	17	190
SSD	YBR073W	2	29	18	190
SSD	YAL036C	2	29	19	191
SSD	YAL036C	2	29	20	191
SSD	YHR043C	2	29	21	192
SSD	YHR043C	2	29	22	192
WGD	YDR098C	2	29	23	193
WGD	YDR098C	2	29	24	193
SSD	YER113C	2	29	25	194
SSD	YER113C	2	29	26	194
SSD	YER159C	2	29	27	195
SSD	YER159C	2	29	28	195
WGD	YLR450W	2	29	29	196
WGD	YLR450W	2	29	30	196
NA	control	2	29	31	NA
NA	control	2	29	32	NA
NA	control	2	30	1	NA
NA	control	2	30	2	NA
WGD	YOR365C	2	30	3	183
WGD	YOR365C	2	30	4	183
WGD	YKR052C	2	30	5	184
WGD	YKR052C	2	30	6	184
WGD	YHR162W	2	30	7	185
WGD	YHR162W	2	30	8	185
SSD	YCR037C	2	30	9	186
SSD	YCR037C	2	30	10	186
WGD	YHR108W	2	30	11	187
WGD	YHR108W	2	30	12	187
SSD	YJR055W	2	30	13	188
SSD	YJR055W	2	30	14	188
SSD	YNL281W	2	30	15	189
SSD	YNL281W	2	30	16	189
SSD	YGL163C	2	30	17	190
SSD	YGL163C	2	30	18	190
SSD	YGR173W	2	30	19	191
SSD	YGR173W	2	30	20	191
SSD	YHR044C	2	30	21	192
SSD	YHR044C	2	30	22	192
WGD	YER174C	2	30	23	193
WGD	YER174C	2	30	24	193
SSD	YLR083C	2	30	25	194
SSD	YLR083C	2	30	26	194
SSD	YOR358W	2	30	27	195
SSD	YOR358W	2	30	28	195
WGD	YML075C	2	30	29	196
WGD	YML075C	2	30	30	196
NA	control	2	30	31	NA
NA	control	2	30	32	NA
NA	control	2	31	1	NA
NA	control	2	31	2	NA
WGD	YJL076W	2	31	3	197
WGD	YJL076W	2	31	4	197
SSD	YDR191W	2	31	5	198
SSD	YDR191W	2	31	6	198
SSD	YOR070C	2	31	7	199
SSD	YOR070C	2	31	8	199
SSD	YDR074W	2	31	9	200
SSD	YDR074W	2	31	10	200
SSD	YKL140W	2	31	11	201
SSD	YKL140W	2	31	12	201
SSD	YFL049W	2	31	13	202
SSD	YFL049W	2	31	14	202
WGD	YDL181W	2	31	15	203
WGD	YDL181W	2	31	16	203
WGD	YGR043C	2	31	17	204
WGD	YGR043C	2	31	18	204
SSD	YGR054W	2	31	19	205
SSD	YGR054W	2	31	20	205
SSD	YCR036W	2	31	21	206
SSD	YCR036W	2	31	22	206
SSD	YBR011C	2	31	23	207
SSD	YBR011C	2	31	24	207
SSD	YLR307W	2	31	25	208
SSD	YLR307W	2	31	26	208
SSD	YPL091W	2	31	27	209
SSD	YPL091W	2	31	28	209
WGD	YEL041W	2	31	29	210
WGD	YEL041W	2	31	30	210
NA	control	2	31	31	NA
NA	control	2	31	32	NA
NA	control	2	32	1	NA
NA	control	2	32	2	NA
WGD	YKR010C	2	32	3	197
WGD	YKR010C	2	32	4	197
SSD	YOR025W	2	32	5	198
SSD	YOR025W	2	32	6	198
SSD	YPL249C	2	32	7	199
SSD	YPL249C	2	32	8	199
SSD	YMR261C	2	32	9	200
SSD	YMR261C	2	32	10	200
SSD	YLR020C	2	32	11	201
SSD	YLR020C	2	32	12	201
SSD	YMR091C	2	32	13	202
SSD	YMR091C	2	32	14	202
WGD	YDL130W-A	2	32	15	203
WGD	YDL130W-A	2	32	16	203
WGD	YLR354C	2	32	17	204
WGD	YLR354C	2	32	18	204
SSD	YOR361C	2	32	19	205
SSD	YOR361C	2	32	20	205
SSD	YJR105W	2	32	21	206
SSD	YJR105W	2	32	22	206
SSD	YMR267W	2	32	23	207
SSD	YMR267W	2	32	24	207
SSD	YLR308W	2	32	25	208
SSD	YLR308W	2	32	26	208
SSD	YFL018C	2	32	27	209
SSD	YFL018C	2	32	28	209
WGD	YJR049C	2	32	29	210
WGD	YJR049C	2	32	30	210
NA	control	2	32	31	NA
NA	control	2	32	32	NA
NA	control	2	33	1	NA
NA	control	2	33	2	NA
SSD	YLR040C	2	33	3	211
SSD	YLR040C	2	33	4	211
SSD	YDR284C	2	33	5	212
SSD	YDR284C	2	33	6	212
SSD	YGL080W	2	33	7	213
SSD	YGL080W	2	33	8	213
SSD	YGR015C	2	33	9	214
SSD	YGR015C	2	33	10	214
SSD	YFL054C	2	33	11	215
SSD	YFL054C	2	33	12	215
WGD	YGR004W	2	33	13	216
WGD	YGR004W	2	33	14	216
SSD	YBR207W	2	33	15	217
SSD	YBR207W	2	33	16	217
SSD	YDR523C	2	33	17	218
SSD	YDR523C	2	33	18	218
SSD	YDR258C	2	33	19	219
SSD	YDR258C	2	33	20	219
SSD	YFL049W	2	33	21	220
SSD	YFL049W	2	33	22	220
WGD	YMR230W	2	33	23	221
WGD	YMR230W	2	33	24	221
SSD	YEL064C	2	33	25	222
SSD	YEL064C	2	33	26	222
SSD	YHR028C	2	33	27	223
SSD	YHR028C	2	33	28	223
WGD	YHR203C	2	33	29	224
WGD	YHR203C	2	33	30	224
NA	control	2	33	31	NA
NA	control	2	33	32	NA
NA	control	2	34	1	NA
NA	control	2	34	2	NA
SSD	YIL011W	2	34	3	211
SSD	YIL011W	2	34	4	211
SSD	YDR503C	2	34	5	212
SSD	YDR503C	2	34	6	212
SSD	YHR162W	2	34	7	213
SSD	YHR162W	2	34	8	213
SSD	YGR031W	2	34	9	214
SSD	YGR031W	2	34	10	214
SSD	YLL043W	2	34	11	215
SSD	YLL043W	2	34	12	215
WGD	YLR324W	2	34	13	216
WGD	YLR324W	2	34	14	216
SSD	YER145C	2	34	15	217
SSD	YER145C	2	34	16	217
SSD	YHR102W	2	34	17	218
SSD	YHR102W	2	34	18	218
SSD	YLL026W	2	34	19	219
SSD	YLL026W	2	34	20	219
SSD	YMR091C	2	34	21	220
SSD	YMR091C	2	34	22	220
WGD	YOR293W	2	34	23	221
WGD	YOR293W	2	34	24	221
SSD	YER119C	2	34	25	222
SSD	YER119C	2	34	26	222
SSD	YOR219C	2	34	27	223
SSD	YOR219C	2	34	28	223
WGD	YJR145C	2	34	29	224
WGD	YJR145C	2	34	30	224
NA	control	2	34	31	NA
NA	control	2	34	32	NA
NA	control	2	35	1	NA
NA	control	2	35	2	NA
SSD	YDR432W	2	35	3	225
SSD	YDR432W	2	35	4	225
WGD	YDR098C	2	35	5	226
WGD	YDR098C	2	35	6	226
SSD	YGR036C	2	35	7	227
SSD	YGR036C	2	35	8	227
SSD	YNL335W	2	35	9	228
SSD	YNL335W	2	35	10	228
SSD	YBL058W	2	35	11	229
SSD	YBL058W	2	35	12	229
SSD	YGR054W	2	35	13	230
SSD	YGR054W	2	35	14	230
SSD	YBR069C	2	35	15	231
SSD	YBR069C	2	35	16	231
SSD	YER159C	2	35	17	232
SSD	YER159C	2	35	18	232
SSD	YAL036C	2	35	19	233
SSD	YAL036C	2	35	20	233
SSD	YLR455W	2	35	21	234
SSD	YLR455W	2	35	22	234
SSD	YJL146W	2	35	23	235
SSD	YJL146W	2	35	24	235
SSD	YDL170W	2	35	25	236
SSD	YDL170W	2	35	26	236
SSD	YDR244W	2	35	27	237
SSD	YDR244W	2	35	28	237
SSD	YDL113C	2	35	29	238
SSD	YDL113C	2	35	30	238
NA	control	2	35	31	NA
NA	control	2	35	32	NA
NA	control	2	36	1	NA
NA	control	2	36	2	NA
SSD	YCL011C	2	36	3	225
SSD	YCL011C	2	36	4	225
WGD	YER174C	2	36	5	226
WGD	YER174C	2	36	6	226
SSD	YKR053C	2	36	7	227
SSD	YKR053C	2	36	8	227
SSD	YFL061W	2	36	9	228
SSD	YFL061W	2	36	10	228
SSD	YDR330W	2	36	11	229
SSD	YDR330W	2	36	12	229
SSD	YOR361C	2	36	13	230
SSD	YOR361C	2	36	14	230
SSD	YCL025C	2	36	15	231
SSD	YCL025C	2	36	16	231
SSD	YOR358W	2	36	17	232
SSD	YOR358W	2	36	18	232
SSD	YGR173W	2	36	19	233
SSD	YGR173W	2	36	20	233
SSD	YMR044W	2	36	21	234
SSD	YMR044W	2	36	22	234
SSD	YBL085W	2	36	23	235
SSD	YBL085W	2	36	24	235
SSD	YDR213W	2	36	25	236
SSD	YDR213W	2	36	26	236
SSD	YMR018W	2	36	27	237
SSD	YMR018W	2	36	28	237
SSD	YDR425W	2	36	29	238
SSD	YDR425W	2	36	30	238
NA	control	2	36	31	NA
NA	control	2	36	32	NA
NA	control	2	37	1	NA
NA	control	2	37	2	NA
SSD	YPL138C	2	37	3	239
SSD	YPL138C	2	37	4	239
SSD	YKR008W	2	37	5	240
SSD	YKR008W	2	37	6	240
SSD	YLR189C	2	37	7	241
SSD	YLR189C	2	37	8	241
SSD	YIL035C	2	37	9	242
SSD	YIL035C	2	37	10	242
SSD	YJL016W	2	37	11	243
SSD	YJL016W	2	37	12	243
SSD	YDR197W	2	37	13	244
SSD	YDR197W	2	37	14	244
SSD	YER038C	2	37	15	245
SSD	YER038C	2	37	16	245
SSD	YJL037W	2	37	17	246
SSD	YJL037W	2	37	18	246
WGD	YGR138C	2	37	19	247
WGD	YGR138C	2	37	20	247
WGD	YML100W	2	37	21	248
WGD	YML100W	2	37	22	248
SSD	YBR168W	2	37	23	249
SSD	YBR168W	2	37	24	249
SSD	YLR361C	2	37	25	250
SSD	YLR361C	2	37	26	250
WGD	YMR192W	2	37	27	251
WGD	YMR192W	2	37	28	251
WGD	YJL133W	2	37	29	252
WGD	YJL133W	2	37	30	252
NA	control	2	37	31	NA
NA	control	2	37	32	NA
NA	control	2	38	1	NA
NA	control	2	38	2	NA
SSD	YKR029C	2	38	3	239
SSD	YKR029C	2	38	4	239
SSD	YDL070W	2	38	5	240
SSD	YDL070W	2	38	6	240
SSD	YLR072W	2	38	7	241
SSD	YLR072W	2	38	8	241
SSD	YOR061W	2	38	9	242
SSD	YOR061W	2	38	10	242
SSD	YNL278W	2	38	11	243
SSD	YNL278W	2	38	12	243
SSD	YHR063C	2	38	13	244
SSD	YHR063C	2	38	14	244
SSD	YGL066W	2	38	15	245
SSD	YGL066W	2	38	16	245
SSD	YJL038C	2	38	17	246
SSD	YJL038C	2	38	18	246
WGD	YPR156C	2	38	19	247
WGD	YPR156C	2	38	20	247
WGD	YMR261C	2	38	21	248
WGD	YMR261C	2	38	22	248
SSD	YLR324W	2	38	23	249
SSD	YLR324W	2	38	24	249
SSD	YOR137C	2	38	25	250
SSD	YOR137C	2	38	26	250
WGD	YPL249C	2	38	27	251
WGD	YPL249C	2	38	28	251
WGD	YKR052C	2	38	29	252
WGD	YKR052C	2	38	30	252
NA	control	2	38	31	NA
NA	control	2	38	32	NA
NA	control	2	39	1	NA
NA	control	2	39	2	NA
SSD	YPL091W	2	39	3	253
SSD	YPL091W	2	39	4	253
SSD	YPR022C	2	39	5	254
SSD	YPR022C	2	39	6	254
WGD	YDL239C	2	39	7	255
WGD	YDL239C	2	39	8	255
SSD	YMR306W	2	39	9	256
SSD	YMR306W	2	39	10	256
SSD	YGR163W	2	39	11	257
SSD	YGR163W	2	39	12	257
SSD	YJL016W	2	39	13	258
SSD	YJL016W	2	39	14	258
SSD	YIL137C	2	39	15	259
SSD	YIL137C	2	39	16	259
SSD	YCL073C	2	39	17	260
SSD	YCL073C	2	39	18	260
SSD	YBR207W	2	39	19	261
SSD	YBR207W	2	39	20	261
SSD	YNL335W	2	39	21	262
SSD	YNL335W	2	39	22	262
SSD	YCL057W	2	39	23	263
SSD	YCL057W	2	39	24	263
SSD	YMR162C	2	39	25	264
SSD	YMR162C	2	39	26	264
SSD	YIL035C	2	39	27	265
SSD	YIL035C	2	39	28	265
SSD	YDR382W	2	39	29	266
SSD	YDR382W	2	39	30	266
NA	control	2	39	31	NA
NA	control	2	39	32	NA
NA	control	2	40	1	NA
NA	control	2	40	2	NA
SSD	YFL018C	2	40	3	253
SSD	YFL018C	2	40	4	253
SSD	YMR182C	2	40	5	254
SSD	YMR182C	2	40	6	254
WGD	YNL225C	2	40	7	255
WGD	YNL225C	2	40	8	255
SSD	YGR032W	2	40	9	256
SSD	YGR032W	2	40	10	256
SSD	YML121W	2	40	11	257
SSD	YML121W	2	40	12	257
SSD	YNL278W	2	40	13	258
SSD	YNL278W	2	40	14	258
SSD	YHR047C	2	40	15	259
SSD	YHR047C	2	40	16	259
SSD	YKR106W	2	40	17	260
SSD	YKR106W	2	40	18	260
SSD	YER145C	2	40	19	261
SSD	YER145C	2	40	20	261
SSD	YFL061W	2	40	21	262
SSD	YFL061W	2	40	22	262
SSD	YKL134C	2	40	23	263
SSD	YKL134C	2	40	24	263
SSD	YER166W	2	40	25	264
SSD	YER166W	2	40	26	264
SSD	YOR061W	2	40	27	265
SSD	YOR061W	2	40	28	265
SSD	YOL039W	2	40	29	266
SSD	YOL039W	2	40	30	266
NA	control	2	40	31	NA
NA	control	2	40	32	NA
NA	control	2	41	1	NA
NA	control	2	41	2	NA
SSD	YMR162C	2	41	3	267
SSD	YMR162C	2	41	4	267
SSD	YKL171W	2	41	5	268
SSD	YKL171W	2	41	6	268
SSD	YDR284C	2	41	7	269
SSD	YDR284C	2	41	8	269
SSD	YBR276C	2	41	9	270
SSD	YBR276C	2	41	10	270
SSD	YER020W	2	41	11	271
SSD	YER020W	2	41	12	271
SSD	YKR008W	2	41	13	272
SSD	YKR008W	2	41	14	272
SSD	YLR425W	2	41	15	273
SSD	YLR425W	2	41	16	273
SSD	YER040W	2	41	17	274
SSD	YER040W	2	41	18	274
SSD	YDL125C	2	41	19	275
SSD	YDL125C	2	41	20	275
SSD	YBR168W	2	41	21	276
SSD	YBR168W	2	41	22	276
SSD	YLR040C	2	41	23	277
SSD	YLR040C	2	41	24	277
SSD	YHL004W	2	41	25	278
SSD	YHL004W	2	41	26	278
SSD	YNL231C	2	41	27	279
SSD	YNL231C	2	41	28	279
SSD	YCL057W	2	41	29	280
SSD	YCL057W	2	41	30	280
NA	control	2	41	31	NA
NA	control	2	41	32	NA
NA	control	2	42	1	NA
NA	control	2	42	2	NA
SSD	YER166W	2	42	3	267
SSD	YER166W	2	42	4	267
SSD	YCL024W	2	42	5	268
SSD	YCL024W	2	42	6	268
SSD	YDR503C	2	42	7	269
SSD	YDR503C	2	42	8	269
SSD	YNL128W	2	42	9	270
SSD	YNL128W	2	42	10	270
SSD	YHR005C	2	42	11	271
SSD	YHR005C	2	42	12	271
SSD	YDL070W	2	42	13	272
SSD	YDL070W	2	42	14	272
SSD	YLR371W	2	42	15	273
SSD	YLR371W	2	42	16	273
SSD	YFL021W	2	42	17	274
SSD	YFL021W	2	42	18	274
SSD	YDR305C	2	42	19	275
SSD	YDR305C	2	42	20	275
SSD	YLR324W	2	42	21	276
SSD	YLR324W	2	42	22	276
SSD	YIL011W	2	42	23	277
SSD	YIL011W	2	42	24	277
SSD	YGR214W	2	42	25	278
SSD	YGR214W	2	42	26	278
SSD	YNL264C	2	42	27	279
SSD	YNL264C	2	42	28	279
SSD	YKL134C	2	42	29	280
SSD	YKL134C	2	42	30	280
NA	control	2	42	31	NA
NA	control	2	42	32	NA
NA	control	2	43	1	NA
NA	control	2	43	2	NA
SSD	YAR033W	2	43	3	281
SSD	YAR033W	2	43	4	281
SSD	YDR060W	2	43	5	282
SSD	YDR060W	2	43	6	282
SSD	YKR017C	2	43	7	283
SSD	YKR017C	2	43	8	283
SSD	YDL164C	2	43	9	284
SSD	YDL164C	2	43	10	284
SSD	YKL124W	2	43	11	285
SSD	YKL124W	2	43	12	285
WGD	YJL099W	2	43	13	286
WGD	YJL099W	2	43	14	286
SSD	YDR245W	2	43	15	287
SSD	YDR245W	2	43	16	287
WGD	YAL053W	2	43	17	288
WGD	YAL053W	2	43	18	288
SSD	YHL004W	2	43	19	289
SSD	YHL004W	2	43	20	289
SSD	YDR197W	2	43	21	290
SSD	YDR197W	2	43	22	290
SSD	YDL171C	2	43	23	291
SSD	YDL171C	2	43	24	291
SSD	YLR189C	2	43	25	292
SSD	YLR189C	2	43	26	292
SSD	YNR073C	2	43	27	293
SSD	YNR073C	2	43	28	293
SSD	YDL104C	2	43	29	294
SSD	YDL104C	2	43	30	294
NA	control	2	43	31	NA
NA	control	2	43	32	NA
NA	control	2	44	1	NA
NA	control	2	44	2	NA
SSD	YGL051W	2	44	3	281
SSD	YGL051W	2	44	4	281
SSD	YPR144C	2	44	5	282
SSD	YPR144C	2	44	6	282
SSD	YML068W	2	44	7	283
SSD	YML068W	2	44	8	283
SSD	YOR005C	2	44	9	284
SSD	YOR005C	2	44	10	284
SSD	YMR171C	2	44	11	285
SSD	YMR171C	2	44	12	285
WGD	YKR027W	2	44	13	286
WGD	YKR027W	2	44	14	286
SSD	YJL183W	2	44	15	287
SSD	YJL183W	2	44	16	287
WGD	YOR365C	2	44	17	288
WGD	YOR365C	2	44	18	288
SSD	YGR214W	2	44	19	289
SSD	YGR214W	2	44	20	289
SSD	YHR063C	2	44	21	290
SSD	YHR063C	2	44	22	290
SSD	YDR376W	2	44	23	291
SSD	YDR376W	2	44	24	291
SSD	YLR072W	2	44	25	292
SSD	YLR072W	2	44	26	292
SSD	YEL070W	2	44	27	293
SSD	YEL070W	2	44	28	293
SSD	YKR038C	2	44	29	294
SSD	YKR038C	2	44	30	294
NA	control	2	44	31	NA
NA	control	2	44	32	NA
NA	control	2	45	1	NA
NA	control	2	45	2	NA
SSD	YDR245W	2	45	3	295
SSD	YDR245W	2	45	4	295
SSD	YNL238W	2	45	5	296
SSD	YNL238W	2	45	6	296
SSD	YHR119W	2	45	7	297
SSD	YHR119W	2	45	8	297
SSD	YDR060W	2	45	9	298
SSD	YDR060W	2	45	10	298
SSD	YJL197W	2	45	11	299
SSD	YJL197W	2	45	12	299
WGD	YGR243W	2	45	13	300
WGD	YGR243W	2	45	14	300
SSD	YBR283C	2	45	15	301
SSD	YBR283C	2	45	16	301
SSD	YGR052W	2	45	17	302
SSD	YGR052W	2	45	18	302
SSD	YER184C	2	45	19	303
SSD	YER184C	2	45	20	303
SSD	YGL079W	2	45	21	304
SSD	YGL079W	2	45	22	304
SSD	YEL064C	2	45	23	305
SSD	YEL064C	2	45	24	305
SSD	YNR073C	2	45	25	306
SSD	YNR073C	2	45	26	306
SSD	YNL238W	2	45	27	307
SSD	YNL238W	2	45	28	307
WGD	YHR203C	2	45	29	308
WGD	YHR203C	2	45	30	308
NA	control	2	45	31	NA
NA	control	2	45	32	NA
NA	control	2	46	1	NA
NA	control	2	46	2	NA
SSD	YJL183W	2	46	3	295
SSD	YJL183W	2	46	4	295
SSD	YOR003W	2	46	5	296
SSD	YOR003W	2	46	6	296
SSD	YJL168C	2	46	7	297
SSD	YJL168C	2	46	8	297
SSD	YPR144C	2	46	9	298
SSD	YPR144C	2	46	10	298
SSD	YER144C	2	46	11	299
SSD	YER144C	2	46	12	299
WGD	YHR162W	2	46	13	300
WGD	YHR162W	2	46	14	300
SSD	YLR378C	2	46	15	301
SSD	YLR378C	2	46	16	301
SSD	YOL100W	2	46	17	302
SSD	YOL100W	2	46	18	302
SSD	YBL005W	2	46	19	303
SSD	YBL005W	2	46	20	303
SSD	YLR233C	2	46	21	304
SSD	YLR233C	2	46	22	304
SSD	YER119C	2	46	23	305
SSD	YER119C	2	46	24	305
SSD	YEL070W	2	46	25	306
SSD	YEL070W	2	46	26	306
SSD	YOR003W	2	46	27	307
SSD	YOR003W	2	46	28	307
WGD	YJR145C	2	46	29	308
WGD	YJR145C	2	46	30	308
NA	control	2	46	31	NA
NA	control	2	46	32	NA
NA	control	2	47	1	NA
NA	control	2	47	2	NA
NA	control	2	47	3	NA
NA	control	2	47	4	NA
NA	control	2	47	5	NA
NA	control	2	47	6	NA
NA	control	2	47	7	NA
NA	control	2	47	8	NA
NA	control	2	47	9	NA
NA	control	2	47	10	NA
NA	control	2	47	11	NA
NA	control	2	47	12	NA
NA	control	2	47	13	NA
NA	control	2	47	14	NA
NA	control	2	47	15	NA
NA	control	2	47	16	NA
NA	control	2	47	17	NA
NA	control	2	47	18	NA
NA	control	2	47	19	NA
NA	control	2	47	20	NA
NA	control	2	47	21	NA
NA	control	2	47	22	NA
NA	control	2	47	23	NA
NA	control	2	47	24	NA
NA	control	2	47	25	NA
NA	control	2	47	26	NA
NA	control	2	47	27	NA
NA	control	2	47	28	NA
NA	control	2	47	29	NA
NA	control	2	47	30	NA
NA	control	2	47	31	NA
NA	control	2	47	32	NA
NA	control	2	48	1	NA
NA	control	2	48	2	NA
NA	control	2	48	3	NA
NA	control	2	48	4	NA
NA	control	2	48	5	NA
NA	control	2	48	6	NA
NA	control	2	48	7	NA
NA	control	2	48	8	NA
NA	control	2	48	9	NA
NA	control	2	48	10	NA
NA	control	2	48	11	NA
NA	control	2	48	12	NA
NA	control	2	48	13	NA
NA	control	2	48	14	NA
NA	control	2	48	15	NA
NA	control	2	48	16	NA
NA	control	2	48	17	NA
NA	control	2	48	18	NA
NA	control	2	48	19	NA
NA	control	2	48	20	NA
NA	control	2	48	21	NA
NA	control	2	48	22	NA
NA	control	2	48	23	NA
NA	control	2	48	24	NA
NA	control	2	48	25	NA
NA	control	2	48	26	NA
NA	control	2	48	27	NA
NA	control	2	48	28	NA
NA	control	2	48	29	NA
NA	control	2	48	30	NA
NA	control	2	48	31	NA
NA	control	2	48	32	NA
